{"best_model": "gradient_boosting", "metrics": {"logistic_regression": {"accuracy": 0.8595607040770272, "precision": 0.7205598455598455, "recall": 0.5368572455951097, "f1": 0.6152895116422831, "roc_auc": 0.8721509264415459}, "random_forest": {"accuracy": 0.868812998345118, "precision": 0.7134623301770275, "recall": 0.6231571377202445, "f1": 0.6652591170825336, "roc_auc": 0.8953625779257292}, "gradient_boosting": {"accuracy": 0.8740785316684219, "precision": 0.7043189368770764, "recall": 0.686084142394822, "f1": 0.6950819672131148, "roc_auc": 0.9044684081998032}, "xgboost": {"accuracy": 0.8748307507146081, "precision": 0.7142309167625623, "recall": 0.6695433297375045, "f1": 0.6911655530809205, "roc_auc": 0.8979405405947116}, "lightgbm": {"accuracy": 0.8749059726192268, "precision": 0.7081161578555473, "recall": 0.6839266450916937, "f1": 0.6958112310224986, "roc_auc": 0.9031806581964086}}}